Boston, New York City
New York City, Philadelphia
Philadelphia, Baltimore
Baltimore, Washington
Washington, Charlotte
Charlotte, Atlanta
New York City, Pittsburgh
Washington, Pittsburgh
Pittsburgh, Columbus
Columbus, Indianapolis
Indianapolis, St. Louis
St. Louis, Kansas City
Kansas City, Denver
Kansas City, Oklahoma City
Oklahoma City, Dallas
Dallas, Houston
Houston, New Orleans
New Orleans, Memphis
New Orleans, Atlanta
Atlanta, Jacksonville
Jacksonville, Miami
New Orleans, Jacksonville
Nashville, Memphis
St. Louis, Nashville
Nashville, Columbus
Columbus, Chicago
Chicago, Minneapolis
Denver, Salt Lake City
Salt Lake City, Las Vegas
Las Vegas, Los Angeles
Los Angeles, San Francisco
San Francisco, Portland
Portland, Seattle
Seattle, Minneapolis
Los Angeles, Phoenix
Las Vegas, Phoenix
Phoenix, Albuquerque
Albuquerque, Denver
Albuquerque, Dallas
Dallas, San Antonio
Oklahoma City, Albuquerque
Atlanta, Nashville
Kansas City, Minneapolis
Seattle, Salt Lake City
Las Vegas, Albuquerque
Las Vegas, Denver
Memphis, Atlanta
Oklahoma City, Memphis
Oklahoma City, St. Louis
St. Louis, Memphis
Chicago, St. Louis
Houston, San Antonio
